exVisitorID,cookieID
1,TOAQHKL9M673KGYG2KJ59JMVDREVBN
2,7FQLTU0L9GBBNRBCNBT9HZ3WXDCRKT
3,STNF7ZED5VBHTMG5ARRIOYAAJBWPHH
4,VYY3K04YD80BIN3KSCWDUB7JIQDWG4
5,6KAVPNVWAKL6KV4EHSR8BN0NBTRVNU
6,YFVMOF8KOZCA9NKPS1NE7K3MKFEVE1
7,WHCZKYFQVLUQCGH5ELQ7THK4LV65TC
8,XFB1M3TZHCIIJMRCXGQUZNOQBQATF8
9,BV2RBCZI88MG5CDFKR31L2HXJEWIBK
10,HD2LDCLSPIFTJMFJM7E36IXEJZGG76
11,I58PBRQ1QBM9MGRFG8E90W7TB3OVRF
12,HAD8KRAK0F9QGLKQVXQIYCM3FXGXSX
13,0XSIBTRXZAW8OPLVSH7S9J6P7IC3TK
14,IU15ER2LHCXFJAIJXXCNEJBD57NI0G
15,UKY7VGKDWBQEGZBNFQQNVV8KDYI68O
16,NFSTCQ3TNDGBXL99T1AQ0KDLWXN8JS
17,TZZIQZSOATRHLXN4O7V3XGPGWX1AJI
18,XPJOX9KTP8CFMPNIIGRHZHBI6PAMPU
19,C9H0EKLMSCKXHBQCSHEEEAWPFSAGUB
20,LMFQNCUM4U3F1IQIOCDHRG0YBDEXFJ
21,ZBC0SFIYIYGL3XDZGTSGFX5RRB8IHR
22,C5V8Y1HKDZKHHAXFOJ4GYEJQENYR52
23,AY8OOC6IBWHRRQVZZDZGZKN3FO1QPN
24,SDGOMJGVQOCABSEHYF1HFIXRVM9AFY
25,9I0HZVNTZY0XLRNQBPI60GLDMRKBGJ
26,Y10ATLVTZC7YQWVVAGC8N8AK4HVTJM
27,DXXIXTM0SM7LUU29MPRLEA9IWUNVQI
28,TVGVZH6ELHDUGWL0CAHABCFDQOIN97
29,JGQT9AEIM3T8MEETFNGWFFZJGNQFFV
30,MTGTFJKZJBHYENR4YID8LXBVUIQA8E
31,HFKHPRKKSTWVNVQ0GYIMUSV2W8K0KR
32,YXDGQTAJNFRMIPZ2K2M3MAWF5AFUTC
33,VJJNADDUI6SDK72FWQBIKWVABRNRCW
34,OA2APIQZLO1BCNHJTRUPUNFWZQG4W3
35,RVDS5GE3AXEVRZ90UPROKLICL721TM
36,QPHDJ1RJSIGVQPE6VDUJU3NEPVCGRC
37,NTKA8ULZEGAVEB8K0KWZSRVUPVXXQC
38,Q3YLJ0BSJWLWPYGHT3VNFW30CKWETL
39,OD3D0NI7Z71EJY5TE0C6XMFIHGUFQP
40,4M9QRBDX97T2DKVNOEYKY01LFH4AVK
41,X4Y7DUOJVSCIA2NF7DYYCPPKZLY3IL
42,CRFH5FWW0TR1KIIYRKAZUH4SBODK5R
43,RKKY2LYKYYPTTE6CNL2BXKVYXIMA3W
44,VMJI9DXCHYPSTYGCK6E1PB9A4GTIJJ
45,YIOYVZWCIIXS3OPGC4NR58RQC57GWC
46,ZNX5DY87891AYJHICFVF17PACHKJ3T
47,AU4WEX4WIFPXHORCVJ0IAN2AZR2QAO
48,02PK2VGJ7VZX2BLMOGWEZ1E4BSY1JC
49,WPWTEZGSOKBV96TAKJRSFISLLUHOA1
50,JCHEE7B2K1NBZBER67PECWJSTLYEHQ